source,target,link
AAE11,ANT1,m2m
AAE16,PEX11C,m2m
AAE16,AT1G16700,m2m
AAE18,DIN9,m2m
AAE18,AT5G42740,m2m
AAE18,EMB3147,m2m
AAE18,AT3G23940,m2m
AAE18,DUR3,m2m
AAE18,IBR1,m2m
ABCB1,GN,m2m
ABCB1,AT1G21070,m2m
ABCB1,AT2G36350,m2m
ABCB1,TIR1,m2m
ABCG3,AT5G58300,m2m
ABF2,OZS1,m2m
ABF2,MYC2,m2m
ABF2,CSP3,m2m
ABF2,ERD1,m2m
ABF2,PP2CA,m2m
ABF2,KIN10,m2m
ACA10,ECA4,m2m
ACA10,ARF3,m2m
ACS,EMB3003,m2m
ACS,DIN9,m2m
ACS,ALDH6B2,m2m
ACS,EMB3147,m2m
ACS,CAC3,m2m
ACS,HB2,m2m
ACS,AT3G13930,m2m
ACS,AT3G23940,m2m
ACS,AT5G42740,m2m
ACS,DUR3,m2m
ADF4,TUA2,m2m
ADF4,ARP6,m2m
ADF4,FIM5,m2m
AER,AT1G15140,m2m
AER,CXE16,m2m
AFC2,SRPK4,m2m
AFC2,NRPC1,m2m
AKT1,HAI2,m2m
AKT1,NRT2:1,m2m
AKT1,OZS1,m2m
AKT1,AT1G60160,m2m
AKT1,PP2CA,m2m
AL4,CDC5,m2m
AL4,B120,m2m
AL4,SDG29,m2m
ALA1,AT1G33170,m2m
ALA1,KDTA,m2m
ALA1,PDR2,m2m
ALDH6B2,THA1,m2m
ALDH6B2,AlaAT1,m2m
ALDH6B2,GAMMACA1,m2m
ALDH6B2,EMB3003,m2m
ALDH6B2,LOS1,m2m
ALDH6B2,AT2G46520,m2m
ALDH6B2,AT5G09300,m2m
ALDH6B2,AT3G13930,m2m
ALDH6B2,CAC3,m2m
APL2,mtACP2,m2m
APL2,DIN9,m2m
APL2,AT5G42740,m2m
APL2,SPS1F,m2m
APL2,SUS3,m2m
APP1,CPR,m2m
APP1,AT4G35160,m2m
APP1,AT5G42740,m2m
APS1,UGT74B1,m2m
APS1,IMD2,m2m
APS1,CBL,m2m
APS1,FNR1,m2m
APS1,APS3,m2m
APS3,AST56,m2m
APS3,CBL,m2m
APS3,FNR1,m2m
ARF10,MP,m2m
ARF10,At1g59750,m2m
ARF10,ARF3,m2m
ARF10,LAC5,m2m
ARF10,POL,m2m
ARF10,REV,m2m
ARF10,MYB33,m2m
ARF10,TIR1,m2m
ARF3,GN,m2m
ARF3,MP,m2m
ARF3,At1g59750,m2m
ARF3,RABF2A,m2m
ARF3,GNL1,m2m
ARP6,CDC5,m2m
ARP6,PAF2,m2m
ARP6,TOR,m2m
ARP6,LOS1,m2m
ARP6,BSL3,m2m
ARP6,VLN2,m2m
ARP6,HTR4,m2m
ARP6,BSL1,m2m
ARP6,HD1,m2m
ARP6,FIM5,m2m
ARP6,VLN4,m2m
ASG5,PRX52,m2m
ASG5,scpl48,m2m
AT1G01390,CEP1,m2m
AT1G05520,PDR2,m2m
AT1G05520,GN,m2m
AT1G05520,GNL1,m2m
AT1G05520,AT3G22845,m2m
AT1G05520,AT1G62020,m2m
AT1G05520,AT2G21630,m2m
AT1G05520,SAR2,m2m
AT1G08110,DSI-1VOC,m2m
AT1G08110,SKL2,m2m
AT1G08110,AT5G06580,m2m
AT1G08110,AT5G19580,m2m
AT1G08110,HSP70,m2m
AT1G08110,AT4G12290,m2m
AT1G08110,CSD2,m2m
AT1G08110,TSA2,m2m
AT1G09750,PYE,m2m
AT1G12000,CDC5,m2m
AT1G12000,IDH-V,m2m
AT1G12000,AT5G64380,m2m
AT1G12000,GLTP1,m2m
AT1G12000,DIN9,m2m
AT1G12000,AT5G42740,m2m
AT1G12470,SDE3,m2m
AT1G12470,VPS41,m2m
AT1G12470,SAR2,m2m
AT1G12470,SNX1,m2m
AT1G12470,AT3G14205,m2m
AT1G12470,AT3G43220,m2m
AT1G12470,TOR,m2m
AT1G12470,RABF2A,m2m
AT1G12470,EMB2754,m2m
AT1G15140,CDPMEK,m2m
AT1G15140,CYP82C4,m2m
AT1G15140,AT2G39270,m2m
AT1G15140,AT1G16700,m2m
AT1G16560,AT3G07140,m2m
AT1G16700,CLPP6,m2m
AT1G16700,FAAH,m2m
AT1G16700,mtACP2,m2m
AT1G16700,AT2G27730,m2m
AT1G16700,GAMMACA1,m2m
AT1G21070,CIPK10,m2m
AT1G22410,AT2G44065,m2m
AT1G22410,CM2,m2m
AT1G22870,CDC5,m2m
AT1G22870,AT1G62020,m2m
AT1G24510,CDC5,m2m
AT1G24510,HSP90.1,m2m
AT1G24510,NRPC1,m2m
AT1G24510,HSP70,m2m
AT1G24510,AT3G07030,m2m
AT1G24510,AT1G72660,m2m
AT1G24510,AT5G26830,m2m
AT1G24510,FIB2,m2m
AT1G24510,AT5G53480,m2m
AT1G24510,AT4G31180,m2m
AT1G24510,PAF2,m2m
AT1G24510,CPR,m2m
AT1G24510,AT4G17390,m2m
AT1G24510,LOS1,m2m
AT1G24530,ATSPO11-1,m2m
AT1G33170,VHA-A3,m2m
AT1G34300,CSP3,m2m
AT1G43690,CHR4,m2m
AT1G43690,DLS1,m2m
AT1G45545,ELI3-2,m2m
AT1G48090,TOR,m2m
AT1G48090,PRT6,m2m
AT1G48090,CHR4,m2m
AT1G49210,RIN2,m2m
AT1G53050,VIP5,m2m
AT1G61180,TUA2,m2m
AT1G61700,CDC5,m2m
AT1G61700,KDTA,m2m
AT1G61700,CSP3,m2m
AT1G61700,UVH3,m2m
AT1G61700,AT2G44710,m2m
AT1G61700,GRP2B,m2m
AT1G61700,EMB2765,m2m
AT1G61700,nPAP,m2m
AT1G61700,HSP70,m2m
AT1G61700,HTR4,m2m
AT1G61700,YLS8,m2m
AT1G61700,NRPC1,m2m
AT1G62020,CDC5,m2m
AT1G62020,GN,m2m
AT1G62020,ERD2A,m2m
AT1G62020,ZCF125,m2m
AT1G62020,AT2G21630,m2m
AT1G62020,AT5G53480,m2m
AT1G62020,NFS1,m2m
AT1G62020,PDR2,m2m
AT1G62020,FRA1,m2m
AT1G62020,AT5G27550,m2m
AT1G62020,AT5G02370,m2m
AT1G62020,AT5G60930,m2m
AT1G62020,AT3G07950,m2m
AT1G62020,GNL1,m2m
AT1G65920,PIP5K1,m2m
AT1G66510,CDC5,m2m
AT1G66510,PFD6,m2m
AT1G66510,LOS1,m2m
AT1G66510,EMB3108,m2m
AT1G66510,GCN2,m2m
AT1G66510,EMB2765,m2m
AT1G66510,YLS8,m2m
AT1G66510,SGT,m2m
AT1G68040,At2g47430,m2m
AT1G70500,AT4G23500,m2m
AT1G72090,THA1,m2m
AT1G72090,MURE,m2m
AT1G72090,NFS1,m2m
AT1G72090,NRPC1,m2m
AT1G72090,AT3G56330,m2m
AT1G72660,EBF2,m2m
AT1G72660,AT4G17390,m2m
AT1G72660,AT4G31790,m2m
AT1G72660,AT5G26830,m2m
AT1G73460,TOR,m2m
AT1G73460,PDK,m2m
AT1G73460,BSL1,m2m
AT1G73460,BSL3,m2m
AT1G73460,ERH3,m2m
AT1G76010,AT3G01015,m2m
AT1G77550,FIB2,m2m
AT1G77550,AT5G58620,m2m
AT1G77550,OXS2,m2m
AT2G21630,GN,m2m
AT2G21630,GNL1,m2m
AT2G21630,AT3G22845,m2m
AT2G21630,SAR2,m2m
AT2G22420,LAC5,m2m
AT2G22420,ELI3-2,m2m
AT2G22420,CYP84A1,m2m
AT2G24990,AT5G27700,m2m
AT2G24990,AT3G21540,m2m
AT2G24990,EDA7,m2m
AT2G25320,OXP1,m2m
AT2G27730,GAMMACA1,m2m
AT2G27730,SPS1F,m2m
AT2G34970,LOS1,m2m
AT2G34970,EIF4G,m2m
AT2G34970,GCN2,m2m
AT2G37510,CDC5,m2m
AT2G39270,AT4G28360,m2m
AT2G42520,CDC5,m2m
AT2G42520,LOS1,m2m
AT2G42520,HEMB1,m2m
AT2G42520,CSP3,m2m
AT2G42520,GRP2B,m2m
AT2G42520,BSL3,m2m
AT2G42520,BSL1,m2m
AT2G42520,MOS7,m2m
AT2G42520,EIF4G,m2m
AT2G42520,PFK3,m2m
AT2G42520,AT5G42740,m2m
AT2G42520,HSP90.1,m2m
AT2G42520,HSP70,m2m
AT2G42520,AT5G53480,m2m
AT2G44065,STT3B,m2m
AT2G44065,LOS1,m2m
AT2G44065,emb1473,m2m
AT2G44065,CPR,m2m
AT2G44065,PSBC,m2m
AT2G44065,AT5G26830,m2m
AT2G44065,NRPC1,m2m
AT2G44065,UBQ1,m2m
AT2G44065,AT5G27700,m2m
AT2G44065,AT4G17390,m2m
AT2G44065,AT4G28360,m2m
AT2G44580,CTF18,m2m
AT2G44580,MCM9,m2m
AT2G44580,BUBR1,m2m
AT2G44580,ATSPO11-1,m2m
AT2G44580,HIRA,m2m
AT2G44580,MCM8,m2m
AT2G44580,AT3G48900,m2m
AT2G44710,CDC5,m2m
AT2G44710,CSP3,m2m
AT2G44710,GRP2B,m2m
AT2G44710,EMB2765,m2m
AT2G44710,YLS8,m2m
AT2G44710,HSP70,m2m
AT2G44710,nPAP,m2m
AT2G46320,AT3G12100,m2m
AT2G46520,CDC5,m2m
AT2G46520,MCM9,m2m
AT2G46520,CPR,m2m
AT2G46520,AT5G24340,m2m
AT2G46520,TPP2,m2m
AT2G46520,MCM8,m2m
AT2G46520,PRT6,m2m
AT2G46520,AT5G53480,m2m
AT2G46520,IMPA-9,m2m
AT2G46910,ECA4,m2m
AT2G46910,ECA1,m2m
AT3G01015,CHR1,m2m
AT3G02290,AT3G07030,m2m
AT3G02360,DIN9,m2m
AT3G02360,AT3G23940,m2m
AT3G02360,AT5G26830,m2m
AT3G02360,IDH-V,m2m
AT3G02360,PFK3,m2m
AT3G02360,AT5G64380,m2m
AT3G02360,AT5G42740,m2m
AT3G05670,RABF2A,m2m
AT3G05670,TOP1BETA,m2m
AT3G05670,SNX1,m2m
AT3G07140,LEW3,m2m
AT3G07140,GAMMA-VPE,m2m
AT3G07140,AT3G07180,m2m
AT3G07180,GAMMA-VPE,m2m
AT3G07810,AT3G23940,m2m
AT3G07950,ERD2A,m2m
AT3G07950,RBL1,m2m
AT3G07950,RBL14,m2m
AT3G08505,MYC2,m2m
AT3G08505,CYCA3;2,m2m
AT3G08505,UBA1,m2m
AT3G08505,scpl48,m2m
AT3G08505,AT4G15475,m2m
AT3G08505,PRT6,m2m
AT3G08505,EBF2,m2m
AT3G08505,SGR9,m2m
AT3G08650,CCX4,m2m
AT3G08650,ZIP6,m2m
AT3G08650,AT3G12100,m2m
AT3G12100,AT4G31790,m2m
AT3G12620,PDK,m2m
AT3G13930,AlaAT1,m2m
AT3G13930,PFD6,m2m
AT3G13930,EMB3147,m2m
AT3G13930,GRL,m2m
AT3G13930,CAC3,m2m
AT3G13930,PDK,m2m
AT3G13930,IDH-V,m2m
AT3G13930,AT5G42740,m2m
AT3G13930,AT5G09300,m2m
AT3G14170,AT3G25150,m2m
AT3G14170,AT5G60980,m2m
AT3G14170,AT4G36790,m2m
AT3G14170,AT5G10190,m2m
AT3G14170,AT5G43960,m2m
AT3G14205,PAB8,m2m
AT3G14205,EMB2754,m2m
AT3G14205,AT4G02030,m2m
AT3G15680,HSP70,m2m
AT3G15680,AT5G18420,m2m
AT3G15680,CPR,m2m
AT3G16060,CDC5,m2m
AT3G16060,WAK2,m2m
AT3G16060,TUA2,m2m
AT3G16060,BUBR1,m2m
AT3G21540,TIM50,m2m
AT3G21540,DRH1,m2m
AT3G21540,EMB140,m2m
AT3G21540,AT3G58180,m2m
AT3G21540,EIF4G,m2m
AT3G21540,AT3G56330,m2m
AT3G21540,PMH2,m2m
AT3G21540,PRH75,m2m
AT3G21540,CPR,m2m
AT3G21540,NRPC1,m2m
AT3G21540,AT4G31790,m2m
AT3G21540,EDA7,m2m
AT3G21540,FIB2,m2m
AT3G22845,PAF2,m2m
AT3G22845,EMP1,m2m
AT3G23940,EMB3003,m2m
AT3G23940,PAB8,m2m
AT3G23940,LOS1,m2m
AT3G23940,EMB3108,m2m
AT3G23940,PUR4,m2m
AT3G23940,IMD2,m2m
AT3G23940,EMB3147,m2m
AT3G23940,AT5G26830,m2m
AT3G23940,AT4G33150,m2m
AT3G23940,AT4G17390,m2m
AT3G23940,AT5G64380,m2m
AT3G23940,AT4G26650,m2m
AT3G23940,NAGS2,m2m
AT3G23940,TSA2,m2m
AT3G23940,AT4G14300,m2m
AT3G23940,LON1,m2m
AT3G23940,FIB2,m2m
AT3G23940,AT5G42740,m2m
AT3G23940,IDH-V,m2m
AT3G23940,IIL1,m2m
AT3G24715,TOR,m2m
AT3G24715,TPR10,m2m
AT3G30300,AT5G12260,m2m
AT3G43220,EMB2754,m2m
AT3G48900,CTF18,m2m
AT3G48900,CDC5,m2m
AT3G48900,RECQ4A,m2m
AT3G48900,CDKB2;2,m2m
AT3G48900,POLGAMMA2,m2m
AT3G48900,MCM9,m2m
AT3G48900,SCA3,m2m
AT3G48900,BUBR1,m2m
AT3G48900,MCM8,m2m
AT3G48900,ATSPO11-1,m2m
AT3G48900,RAD54,m2m
AT3G48900,UVH3,m2m
AT3G48900,CHR1,m2m
AT3G48900,TT4,m2m
AT3G48900,TOP1BETA,m2m
AT3G51150,BUBR1,m2m
AT3G52860,MED8,m2m
AT3G52860,FIB2,m2m
AT3G55550,CHIA,m2m
AT3G56330,DRH1,m2m
AT3G56330,PMH2,m2m
AT3G56330,CPR,m2m
AT3G56330,PRH75,m2m
AT3G56330,AT4G31180,m2m
AT3G56330,FIB2,m2m
AT3G56330,EDA7,m2m
AT3G56330,NRPC1,m2m
AT3G58180,LOS1,m2m
AT3G58180,CPR,m2m
AT3G58180,EDA7,m2m
AT3G58180,DUR3,m2m
AT3G58180,AT4G31790,m2m
AT3G58180,FIB2,m2m
AT3G62240,PRT6,m2m
AT3G62260,CCR3,m2m
AT3G62260,SUVR2,m2m
AT3G63340,AT5G09300,m2m
AT4G02030,VPS41,m2m
AT4G02030,SNX1,m2m
AT4G10110,CDC5,m2m
AT4G10110,LOS1,m2m
AT4G10110,EMB140,m2m
AT4G10110,YLS8,m2m
AT4G12290,AT5G39580,m2m
AT4G12290,GUS3,m2m
AT4G12290,AT5G53480,m2m
AT4G14300,PAB8,m2m
AT4G14300,CSP3,m2m
AT4G14300,EIF4G,m2m
AT4G15475,CYCA3;2,m2m
AT4G15475,UBA1,m2m
AT4G15475,SGR9,m2m
AT4G15475,PRT6,m2m
AT4G15475,EBF2,m2m
AT4G17390,RDR1,m2m
AT4G17390,UBP1B,m2m
AT4G17390,STT3B,m2m
AT4G17390,PAF2,m2m
AT4G17390,PAB8,m2m
AT4G17390,LOS1,m2m
AT4G17390,emb1473,m2m
AT4G17390,PI4KG4,m2m
AT4G17390,PAB6,m2m
AT4G17390,NUDX13,m2m
AT4G17390,CPR,m2m
AT4G17390,UBQ1,m2m
AT4G17390,EIF4G,m2m
AT4G17390,RDR2,m2m
AT4G17390,AT4G31790,m2m
AT4G17390,AT5G53480,m2m
AT4G17390,AT4G28360,m2m
AT4G17390,FIB2,m2m
AT4G17390,AT5G27700,m2m
AT4G21580,AT4G36750,m2m
AT4G23730,AT5G42740,m2m
AT4G24170,BUBR1,m2m
AT4G28360,AVA-P2,m2m
AT4G28360,STT3B,m2m
AT4G28360,LOS1,m2m
AT4G28360,mtACP2,m2m
AT4G28360,emb1473,m2m
AT4G28360,CPR,m2m
AT4G28360,UBQ1,m2m
AT4G28360,FIB2,m2m
AT4G28360,AT5G26830,m2m
AT4G28360,NRPC1,m2m
AT4G28360,AT5G27700,m2m
AT4G31180,LOS1,m2m
AT4G31180,CPR,m2m
AT4G31180,GCN2,m2m
AT4G31180,FAAH,m2m
AT4G31180,AT5G26830,m2m
AT4G31790,TIM50,m2m
AT4G31790,LOS1,m2m
AT4G31790,CPR,m2m
AT4G31790,FIB2,m2m
AT4G33150,THA1,m2m
AT4G33150,PUR4,m2m
AT4G33150,PDK,m2m
AT4G33150,SUS3,m2m
AT4G33150,NAGS2,m2m
AT4G33150,IDH-V,m2m
AT4G34480,CHIA,m2m
AT4G38810,PRT6,m2m
AT5G01320,PRX52,m2m
AT5G01320,AT5G42740,m2m
AT5G02370,ERD2A,m2m
AT5G02370,ZCF125,m2m
AT5G02370,BUBR1,m2m
AT5G02370,FRA1,m2m
AT5G02370,AT5G60930,m2m
AT5G02370,AT5G27550,m2m
AT5G04480,UGT74B1,m2m
AT5G06580,NRT2:1,m2m
AT5G06580,AlaAT1,m2m
AT5G06580,IIL1,m2m
AT5G06580,IDH-V,m2m
AT5G08580,PDIL1-4,m2m
AT5G09300,NADK2,m2m
AT5G09300,EMB3003,m2m
AT5G09300,AT5G26010,m2m
AT5G10190,AT5G43960,m2m
AT5G10530,CHIA,m2m
AT5G10770,BCS1,m2m
AT5G12260,GALT1,m2m
AT5G16990,LOS1,m2m
AT5G17570,CDPMEK,m2m
AT5G18420,CAF1b,m2m
AT5G19370,TOR,m2m
AT5G19370,ATG8C,m2m
AT5G19370,emb1473,m2m
AT5G19370,UBA1,m2m
AT5G19370,LEW3,m2m
AT5G19370,NFS1,m2m
AT5G19420,PIP5K1,m2m
AT5G26010,CHIA,m2m
AT5G26830,LOS1,m2m
AT5G26830,HEMB1,m2m
AT5G26830,emb1473,m2m
AT5G26830,DCL2,m2m
AT5G26830,HSP70,m2m
AT5G26830,TSA2,m2m
AT5G26830,GCN2,m2m
AT5G26830,SYNC1,m2m
AT5G27550,ERD2A,m2m
AT5G27550,ZCF125,m2m
AT5G27550,BUBR1,m2m
AT5G27550,PRH75,m2m
AT5G27550,FRA1,m2m
AT5G27550,AT5G60930,m2m
AT5G27700,PAB8,m2m
AT5G27700,LOS1,m2m
AT5G27700,emb1473,m2m
AT5G27700,PI4KG4,m2m
AT5G27700,PAB6,m2m
AT5G27700,NUDX13,m2m
AT5G27700,UBQ1,m2m
AT5G27700,EIF4G,m2m
AT5G27700,NRPC1,m2m
AT5G36930,CHR5,m2m
AT5G36930,CYP706A6,m2m
AT5G36930,CHR4,m2m
AT5G39580,CYP84A1,m2m
AT5G39580,ELI3-2,m2m
AT5G39580,CRK26,m2m
AT5G42740,AlaAT1,m2m
AT5G42740,NADK2,m2m
AT5G42740,EMB3003,m2m
AT5G42740,LOS1,m2m
AT5G42740,mtACP2,m2m
AT5G42740,DIN9,m2m
AT5G42740,HEMB1,m2m
AT5G42740,UBA1,m2m
AT5G42740,FTSZ2-1,m2m
AT5G42740,HSP70,m2m
AT5G42740,CPR,m2m
AT5G42740,SUS3,m2m
AT5G42740,PFK3,m2m
AT5G42740,CM2,m2m
AT5G42740,SPS1F,m2m
AT5G42740,AT5G53480,m2m
AT5G42740,HSP90.1,m2m
AT5G42740,AT5G64380,m2m
AT5G43140,CSLC12,m2m
AT5G43960,FIB2,m2m
AT5G46070,CDC5,m2m
AT5G46070,ATSPO11-1,m2m
AT5G49760,RDR1,m2m
AT5G49760,BSL3,m2m
AT5G49760,BSL1,m2m
AT5G51980,CDKB2;2,m2m
AT5G52800,POLGAMMA2,m2m
AT5G52800,MCM9,m2m
AT5G52800,SCA3,m2m
AT5G52800,TOP1BETA,m2m
AT5G53480,CDC5,m2m
AT5G53480,LOS1,m2m
AT5G53480,HEMB1,m2m
AT5G53480,HSP70,m2m
AT5G53480,CPR,m2m
AT5G53480,PFK3,m2m
AT5G53480,IMPA-9,m2m
AT5G53480,MOS7,m2m
AT5G53480,GUS3,m2m
AT5G53480,HSP90.1,m2m
AT5G54830,OXP1,m2m
AT5G55510,TIM50,m2m
AT5G58620,CAF1b,m2m
AT5G60930,CDC5,m2m
AT5G60930,CDKB2;2,m2m
AT5G60930,ERD2A,m2m
AT5G60930,ZCF125,m2m
AT5G60930,CYCB2;4,m2m
AT5G60930,BUBR1,m2m
AT5G60930,MRH2,m2m
AT5G60930,FRA1,m2m
AT5G60980,UBP1B,m2m
AT5G60980,CSP3,m2m
AT5G60980,CSLC12,m2m
AT5G64120,CYP84A1,m2m
AT5G64120,ELI3-2,m2m
AT5G64380,DIN9,m2m
AT5G64380,emb1473,m2m
AT5G64380,PDK,m2m
AT5G64380,SUS3,m2m
AT5G64380,PFK3,m2m
AT5G64380,SPS1F,m2m
AT5G66150,CPR,m2m
ATG8C,TOR,m2m
ATG8C,RABF2A,m2m
ATG8C,UBA1,m2m
ATG8C,XBAT31,m2m
ATM2,UBQ1,m2m
ATRX,ATXR5,m2m
ATRX,RECQ4A,m2m
ATRX,ATSPO11-1,m2m
ATRX,DAYSLEEPER,m2m
ATRX,At1g07660,m2m
ATRX,TOR,m2m
ATRX,HTR4,m2m
ATSPO11-1,RECQ4A,m2m
ATSPO11-1,MMD1,m2m
ATSPO11-1,TOP1BETA,m2m
ATSPO11-1,CHR4,m2m
ATSPO11-1,UVH3,m2m
ATSPO11-1,AtSPO22,m2m
ATSPO11-1,RAD54,m2m
ATXR5,HEMB1,m2m
ATXR5,HD1,m2m
ATXR5,SUVR2,m2m
ATXR5,CHR1,m2m
ATXR5,CHR4,m2m
ATXR5,HTR4,m2m
ATXR5,SDG29,m2m
AVA-P2,VHP2;2,m2m
AVA-P2,RABF2A,m2m
AVA-P2,VHA-A3,m2m
AlaAT1,DiT1,m2m
AlaAT1,EMB3003,m2m
AlaAT1,GCN2,m2m
AlaAT1,NAGS2,m2m
AlaAT1,IDH-V,m2m
At1g07660,CYCA3;2,m2m
At1g07660,CHR5,m2m
At1g07660,MCM9,m2m
At1g07660,MCM8,m2m
At1g07660,UBQ1,m2m
At1g07660,FIB2,m2m
At1g07660,HD1,m2m
At1g07660,HTR4,m2m
At1g07660,SDG29,m2m
At1g07660,CHR1,m2m
At1g32200,PDK,m2m
At1g32200,EMB3147,m2m
At1g32200,PLDALPHA1,m2m
At1g32200,PLDALPHA2,m2m
At1g32200,SSI2,m2m
At1g32200,GLIP5,m2m
At1g32200,mtACP2,m2m
At1g32200,PDAT,m2m
At1g59750,MP,m2m
At1g59750,MYB73,m2m
At1g59750,TIR1,m2m
At2g47430,RR12,m2m
AtIPCS1,DPL1,m2m
AtIPCS1,PDR2,m2m
AtSPO22,SDE3,m2m
AtSPO22,RAD54,m2m
B120,MYB102,m2m
BAS1,CYP51G1,m2m
BAS1,UGT73C6,m2m
BCS1,RIPK,m2m
BCS1,CAF1b,m2m
BLH1,KNAT6,m2m
BSL1,CDC5,m2m
BSL1,TOR,m2m
BSL1,TPR10,m2m
BSL1,RABF2A,m2m
BSL1,nPAP,m2m
BSL3,CDC5,m2m
BSL3,EMB3108,m2m
BSL3,TPR10,m2m
BSL3,nPAP,m2m
BUBR1,CTF18,m2m
BUBR1,CDC5,m2m
BUBR1,CDKB2;2,m2m
BUBR1,CYCA3;2,m2m
BUBR1,ZCF125,m2m
BUBR1,CYCB2;4,m2m
BUBR1,MCM9,m2m
BUBR1,HTR4,m2m
BUBR1,PRT6,m2m
BUBR1,RAD54,m2m
BUBR1,FRA1,m2m
BUBR1,CHR1,m2m
BUBR1,MCM8,m2m
CA2,GAMMACA1,m2m
CA2,PSAG,m2m
CA2,FNR1,m2m
CAC3,EMB3003,m2m
CAC3,mtACP2,m2m
CAC3,HEMB1,m2m
CAC3,IMD2,m2m
CAC3,SCAMP3,m2m
CAC3,EMB3147,m2m
CAC3,DiT1,m2m
CAC3,PDAT,m2m
CAF1b,PUM2,m2m
CAS1,CYP51G1,m2m
CAS1,CDPMEK,m2m
CBL,IMD2,m2m
CBL,TSA2,m2m
CBL,NAGS2,m2m
CBL,NFS1,m2m
CCD8,TIR1,m2m
CDC5,TT4,m2m
CDC5,PFD6,m2m
CDC5,VIP5,m2m
CDC5,MOS7,m2m
CDC5,POL,m2m
CDC5,IWS1,m2m
CDC5,PMH2,m2m
CDC5,CYCB2;4,m2m
CDC5,DRH1,m2m
CDC5,DL1C,m2m
CDC5,IMPA-9,m2m
CDC5,UBP1B,m2m
CDC5,PRH75,m2m
CDC5,EMB3108,m2m
CDC5,CDKB2;2,m2m
CDC5,PFK3,m2m
CDC5,VLN4,m2m
CDC5,VLN2,m2m
CDC5,HSP90.1,m2m
CDC5,TUA2,m2m
CDC5,FRA1,m2m
CDC5,CHR1,m2m
CDC5,EMB140,m2m
CDC5,HD1,m2m
CDC5,EIF4G,m2m
CDC5,SAR2,m2m
CDC5,TPR10,m2m
CDC5,TOR,m2m
CDC5,CHR5,m2m
CDC5,CSP3,m2m
CDC5,GRP2B,m2m
CDC5,YLS8,m2m
CDC5,HIRA,m2m
CDC5,nPAP,m2m
CDC5,HSP70,m2m
CDC5,EMB2765,m2m
CDKB2;2,RIPK,m2m
CDKB2;2,GUS3,m2m
CDKB2;2,FBX2,m2m
CDKB2;2,TOR,m2m
CDKB2;2,RR12,m2m
CDKB2;2,TPR10,m2m
CDKB2;2,XBAT31,m2m
CDKB2;2,MCM8,m2m
CDKB2;2,MCM9,m2m
CDKB2;2,HSP90.1,m2m
CDKB2;2,CYCA3;2,m2m
CDKB2;2,CYCB2;4,m2m
CDPMEK,SPS2,m2m
CDPMEK,NADK2,m2m
CDPMEK,POLGAMMA2,m2m
CDPMEK,MURE,m2m
CEP1,XIE,m2m
CES101,TPS21,m2m
CHIA,HAI2,m2m
CHIA,HAI3,m2m
CHIA,PP2CA,m2m
CHR1,CHR5,m2m
CHR1,MCM9,m2m
CHR1,POL,m2m
CHR1,DCL2,m2m
CHR1,MCM8,m2m
CHR1,RAD54,m2m
CHR1,DAYSLEEPER,m2m
CHR1,HIRA,m2m
CHR1,RDR2,m2m
CHR1,HD1,m2m
CHR1,HTR4,m2m
CHR1,SUVR2,m2m
CHR1,NRPC1,m2m
CHR4,CHR5,m2m
CHR4,DAYSLEEPER,m2m
CHR4,HIRA,m2m
CHR4,HD1,m2m
CHR4,HTR4,m2m
CHR5,WAK2,m2m
CHR5,IWS1,m2m
CHR5,TOR,m2m
CHR5,VIP5,m2m
CHR5,SDG29,m2m
CHR5,HTR4,m2m
CHR5,HIRA,m2m
CIPK10,TOR,m2m
CIPK25,TOR,m2m
CIPK25,PLDALPHA2,m2m
CIPK25,MTN2,m2m
CIPK7,PIP5K1,m2m
CIPK7,TOR,m2m
CIPK7,PLDALPHA2,m2m
CIPK7,PLDALPHA1,m2m
CLPB3,TPR10,m2m
CLPB3,HSP70,m2m
CLPB3,HSP90.1,m2m
CLPP6,emb1473,m2m
CLPP6,LON1,m2m
CLPP6,PAF2,m2m
CLPP6,ERD1,m2m
CLPP6,FNR1,m2m
CM2,PAL2,m2m
CM2,TSA2,m2m
CPK13,CaMK4,m2m
CPR,PAF2,m2m
CPR,LOS1,m2m
CPR,DRH1,m2m
CPR,PMH2,m2m
CPR,PRH75,m2m
CPR,PRT6,m2m
CPR,UBQ1,m2m
CPR,EDA7,m2m
CPR,FIB2,m2m
CRK8,ORF158,m2m
CSD2,HSP90.1,m2m
CSD2,CYP706A6,m2m
CSD2,PMT5,m2m
CSD2,HSP70,m2m
CSD2,FNR1,m2m
CSLC12,UBP1B,m2m
CSLC12,CSLG3,m2m
CSP3,UBQ1,m2m
CSP3,PRH75,m2m
CSP3,EMB2765,m2m
CSP3,YLS8,m2m
CSP3,nPAP,m2m
CSP3,HSP70,m2m
CSP3,GRP2B,m2m
CTF18,CYCA3;2,m2m
CTF18,RECQ4A,m2m
CTF18,HIRA,m2m
CTF18,MCM9,m2m
CTF18,MCM8,m2m
CYCA3;2,CYCB2;4,m2m
CYCA3;2,MCM9,m2m
CYCA3;2,SGR9,m2m
CYCA3;2,PRT6,m2m
CYCA3;2,UBA1,m2m
CYCA3;2,PAF2,m2m
CYCA3;2,EBF2,m2m
CYCA3;2,MCM8,m2m
CYCB2;4,PAB8,m2m
CYCB2;4,ZCF125,m2m
CYCB2;4,MCM8,m2m
CYCB2;4,XBAT31,m2m
CYCB2;4,MCM9,m2m
CYP51G1,CYP94C1,m2m
CYP51G1,HB2,m2m
CYP51G1,EMB3147,m2m
CYP51G1,HSP90.1,m2m
CYP51G1,FNR1,m2m
CYP51G1,HEMB1,m2m
CYP714A1,ENP,m2m
CYP714A1,TOP1BETA,m2m
CYP78A9,TT4,m2m
CYP81D5,CYP94C1,m2m
CYP82C4,PYE,m2m
CYP84A1,MP,m2m
CYP84A1,LAC5,m2m
CYP84A1,PAL2,m2m
CYP84A1,PRX52,m2m
CYP84A1,TT4,m2m
CYP84A1,ELI3-2,m2m
DAYSLEEPER,POL,m2m
DCL2,SDE3,m2m
DCL2,RDR1,m2m
DCL2,POL,m2m
DCL2,SUVR2,m2m
DCL2,RDR2,m2m
DIN9,STT3B,m2m
DIN9,MAN6,m2m
DIN9,PFK3,m2m
DL1C,PEX11C,m2m
DL1C,FTSZ2-1,m2m
DL1C,SYP132,m2m
DLS1,HEMB1,m2m
DLS1,PRT6,m2m
DPL1,PDAT,m2m
DRH1,FIB2,m2m
DRH1,YLS8,m2m
DRH1,EDA7,m2m
DSI-1VOC,JKD,m2m
DUR3,NRT2.5,m2m
DUR3,PAL2,m2m
DUR3,TSA2,m2m
DUR3,FAAH,m2m
EBF2,FKF1,m2m
EBF2,UBA1,m2m
EBF2,TIR1,m2m
EBF2,HLS1,m2m
EBF2,PRT6,m2m
EBF2,SGR9,m2m
ECA1,PDR2,m2m
ECA4,PDR2,m2m
ECB2,SNX1,m2m
ECB2,MURE,m2m
EDA7,VLN2,m2m
EDA7,PMH2,m2m
EDA7,MRH2,m2m
EDA7,EIF4G,m2m
EDA7,PRH75,m2m
EDA7,NRPC1,m2m
EDA7,FIB2,m2m
EDR2,ORP1C,m2m
EDR2,ORP2A,m2m
EIF4G,UBP2,m2m
EIF4G,RDR1,m2m
EIF4G,PAB8,m2m
EIF4G,TOR,m2m
EIF4G,LOS1,m2m
EIF4G,PAB6,m2m
EIF4G,GCN2,m2m
EIF4G,TOP1BETA,m2m
EIF4G,RDR2,m2m
ELI3-2,LAC5,m2m
ELI3-2,MYB83,m2m
ELI3-2,PAL2,m2m
ELI3-2,PRX52,m2m
ELI3-2,TT4,m2m
EMB140,EMB3108,m2m
EMB140,EMB2765,m2m
EMB2754,VPS41,m2m
EMB2754,TOR,m2m
EMB2754,RABF2A,m2m
EMB2765,LOS1,m2m
EMB2765,EMB3108,m2m
EMB2765,GRP2B,m2m
EMB2765,UVH3,m2m
EMB2765,HSP70,m2m
EMB2765,nPAP,m2m
EMB2765,YLS8,m2m
EMB3003,IDH-V,m2m
EMB3003,IIL1,m2m
EMB3003,EMB3147,m2m
EMB3003,PDK,m2m
EMB3108,emb1473,m2m
EMB3108,FIB2,m2m
EMB3108,SRPK4,m2m
EMB3108,YLS8,m2m
EMB3147,SHM7,m2m
EMB3147,FTM1,m2m
EMB3147,MURE,m2m
EMB3147,mtACP2,m2m
EMB3147,PDAT,m2m
ENP,MP,m2m
ENP,GAMMA-VPE,m2m
ENP,TOP1BETA,m2m
ERD1,HSP70,m2m
ERD1,HSP90.1,m2m
ERD2A,GN,m2m
ERD2A,SAR2,m2m
ERD2A,ZCF125,m2m
ERD2A,FRA1,m2m
ERD2A,GNL1,m2m
ERH3,HSP90.1,m2m
ERH3,TPR10,m2m
ERH3,UBQ1,m2m
ERH3,RIC4,m2m
ERH3,FRA1,m2m
FAAH,PLDALPHA2,m2m
FAAH,PLDALPHA1,m2m
FAAH,SYNC1,m2m
FBX2,TIR1,m2m
FBX5,RLK7,m2m
FER,XI-I,m2m
FIB2,PAB8,m2m
FIB2,TIM50,m2m
FIB2,LOS1,m2m
FIB2,emb1473,m2m
FIB2,MED8,m2m
FIB2,PAB6,m2m
FIB2,PMH2,m2m
FIB2,PRH75,m2m
FIM5,VLN2,m2m
FIM5,VLN4,m2m
FIM5,XIK,m2m
FKF1,TIR1,m2m
FKF1,HD1,m2m
FNR1,LHCB6,m2m
FNR1,PSAG,m2m
FNR1,emb1473,m2m
FNR1,MFDX2,m2m
FRA1,ZCF125,m2m
FRA1,MRH2,m2m
FTM1,IIL1,m2m
FTM1,mtACP2,m2m
FTSH6,LON1,m2m
FTSZ2-1,NADK2,m2m
FTSZ2-1,MURE,m2m
FTSZ2-1,SIGA,m2m
FTSZ2-1,PUR4,m2m
FTSZ2-1,emb1473,m2m
FTSZ2-1,HSP70,m2m
GAUT13,LEW3,m2m
GAUT9,SPS1F,m2m
GAUT9,SUS3,m2m
GCN2,TOR,m2m
GCN2,LOS1,m2m
GCN2,HSP90.1,m2m
GLTP1,PFK3,m2m
GN,MP,m2m
GN,SYP132,m2m
GN,SNX1,m2m
GN,GNL1,m2m
GNL1,RHD3,m2m
GNL1,VHA-A3,m2m
GNL1,SNX1,m2m
GNL1,PDR2,m2m
GRL,HSP90.1,m2m
GRP2B,YLS8,m2m
GRP2B,nPAP,m2m
GRP2B,HSP70,m2m
GSL8,PFD6,m2m
GUS3,PRX52,m2m
HA9,VHP2;2,m2m
HAI2,PP2CA,m2m
HD1,MMD1,m2m
HD1,TPR10,m2m
HD1,RDR2,m2m
HD1,SDG29,m2m
HD1,HTR4,m2m
HEMB1,PAF2,m2m
HEMB1,LOS1,m2m
HEMB1,PFK3,m2m
HEMB1,HSP70,m2m
HEMB1,HSP90.1,m2m
HIRA,MCM9,m2m
HIRA,XBAT31,m2m
HIRA,HTR4,m2m
HSP70,TIM50,m2m
HSP70,LOS1,m2m
HSP70,TPR10,m2m
HSP70,NFS1,m2m
HSP70,PRT6,m2m
HSP70,NEK4,m2m
HSP70,YLS8,m2m
HSP70,PFK3,m2m
HSP70,nPAP,m2m
HSP70,HSP90.1,m2m
HSP90.1,TOR,m2m
HSP90.1,LOS1,m2m
HSP90.1,TPR10,m2m
HSP90.1,PFK3,m2m
HSP90.1,PRT6,m2m
HTR4,VIP5,m2m
HTR4,MCM9,m2m
HTR4,POL,m2m
HTR4,MCM8,m2m
HTR4,UBQ1,m2m
HTR4,SUVR2,m2m
HTR4,SDG29,m2m
IDH-V,SGT,m2m
IDH-V,TSA2,m2m
IDH-V,IIL1,m2m
IDH-V,PFK3,m2m
IDH-V,NAGS2,m2m
IIL1,PUR4,m2m
IIL1,IMD2,m2m
IIL1,TSA2,m2m
IMD2,PUR4,m2m
IMD2,TSA2,m2m
IMD2,NAGS2,m2m
IMPA-9,TOP1BETA,m2m
IP5PII,PIP5K1,m2m
IP5PII,PLDALPHA2,m2m
IP5PII,LEW3,m2m
IP5PII,PLDALPHA1,m2m
IP5PII,MRH2,m2m
IWS1,VIP5,m2m
KDTA,mtACP2,m2m
KIN10,OZS1,m2m
KIN10,MYC2,m2m
KIN10,TOR,m2m
KIN10,PP2CA,m2m
LAC5,MP,m2m
LEW3,STT3B,m2m
LEW3,SPS1F,m2m
LEW3,SUS3,m2m
LHCB6,RLK7,m2m
LHCB6,emb1473,m2m
LHCB6,PSBC,m2m
LHCB6,PSAG,m2m
LON1,SCA3,m2m
LOS1,PAB8,m2m
LOS1,TOR,m2m
LOS1,PRH75,m2m
LOS1,UBA1,m2m
LOS1,PAB6,m2m
LOS1,SYNC1,m2m
LOS1,NRPC1,m2m
LOS1,PDIL1-4,m2m
LOS1,YLS8,m2m
LOS1,emb1473,m2m
LOS1,PFK3,m2m
LOS1,UBQ1,m2m
MCM8,MCM9,m2m
MCM8,RAD54,m2m
MCM9,RECQ4A,m2m
MCM9,RAD54,m2m
MED8,MYC2,m2m
MFDX2,NFS1,m2m
MGT6,TIR1,m2m
MP,TIR1,m2m
MRH2,TUA2,m2m
MRH2,VLN2,m2m
MRH2,RHD3,m2m
MRH2,RIC4,m2m
MURE,SIGA,m2m
MURE,SCA3,m2m
MYA2,RUS2,m2m
MYA2,RHD3,m2m
MYA2,UBQ1,m2m
MYA2,SGR9,m2m
MYB33,TIR1,m2m
MYC2,TIR1,m2m
MYC2,TPS21,m2m
NADK2,NAGS2,m2m
NFS1,mtACP2,m2m
NFS1,VLN2,m2m
NFS1,OXP1,m2m
NRPC1,PFD6,m2m
NRPC1,VIP5,m2m
NRPC1,SIGA,m2m
NRPC1,SCA3,m2m
NRPC1,POL,m2m
NRT2:1,OZS1,m2m
NUDX13,UBQ1,m2m
ORP1C,PI4KG4,m2m
OZS1,PP2CA,m2m
PAB6,PAB8,m2m
PAB6,TOR,m2m
PAB8,PRH75,m2m
PAB8,PDIL1-4,m2m
PAB8,TOR,m2m
PAF2,PFD6,m2m
PAF2,PRT6,m2m
PAF2,PI4KG4,m2m
PAF2,UBQ1,m2m
PAL2,TT4,m2m
PAP27,PI4KG4,m2m
PDAT,PLDALPHA2,m2m
PDAT,SSI2,m2m
PDAT,PLDALPHA1,m2m
PDIL1-4,STT3B,m2m
PDK,TOR,m2m
PDK,PLDALPHA2,m2m
PDK,POL,m2m
PDK,PLDALPHA1,m2m
PDK,RBL14,m2m
PDK,UVH3,m2m
PFD6,YLS8,m2m
PFD6,TUA2,m2m
PFK3,SHM7,m2m
PI4KG4,UBA1,m2m
PI4KG4,RIN2,m2m
PI4KG4,TPR10,m2m
PI4KG4,PRT6,m2m
PI4KG4,VHA-A3,m2m
PI4KG4,UBQ1,m2m
PIP5K1,PRAF1,m2m
PIP5K1,PLDALPHA2,m2m
PIP5K1,PLDALPHA1,m2m
PIP5K1,PLC4,m2m
PIPK11,PLC4,m2m
PLA2A,SOBER1,m2m
PLC4,PLDALPHA2,m2m
PLC4,PLDALPHA1,m2m
PLDALPHA1,TOR,m2m
PLDALPHA1,PLDALPHA2,m2m
PLDALPHA2,TOR,m2m
POL,VIP5,m2m
POL,XBAT31,m2m
POL,SUVR2,m2m
POL,RDR2,m2m
POLGAMMA2,RECQ4A,m2m
POLGAMMA2,TOR,m2m
POLGAMMA2,SCA3,m2m
POLGAMMA2,UVH3,m2m
PRT6,TOR,m2m
PRT6,PUR4,m2m
PRT6,UBA1,m2m
PRT6,RIN2,m2m
PRT6,SGR9,m2m
PSAG,emb1473,m2m
PSAG,PSBC,m2m
PSBC,SIGA,m2m
PUB13,XBAT31,m2m
PUB13,UBA1,m2m
PUR4,SHM7,m2m
PUR4,emb1473,m2m
RABF2A,VPS41,m2m
RABF2A,TOR,m2m
RABF2A,SAP5,m2m
RABF2A,VPS22,m2m
RABF2A,VHA-A3,m2m
RABF2A,SNX1,m2m
RAD54,RECQ4A,m2m
RAD54,UVH3,m2m
RBL1,RBL14,m2m
RDR1,SDE3,m2m
RDR2,SDE3,m2m
RDR2,TOR,m2m
RDR2,SUVR2,m2m
RECQ4A,TOR,m2m
RECQ4A,TOP1BETA,m2m
RECQ4A,UVH3,m2m
RHD3,TOR,m2m
RHD3,XIE,m2m
RHD3,TPR10,m2m
RHD3,VLN4,m2m
RHD3,XIK,m2m
RIN2,UBQ1,m2m
SAP5,XBAT31,m2m
SAP5,UBQ1,m2m
SCA3,SIGA,m2m
SDE3,VPS41,m2m
SDG29,VIP5,m2m
SDG29,SUVR2,m2m
SGR9,UBA1,m2m
SGR9,XIK,m2m
SHM7,THA1,m2m
SHM7,TSA2,m2m
SKL2,emb1473,m2m
SKL2,UBA1,m2m
SOBER1,scpl48,m2m
SOBER1,TPP2,m2m
SPS1F,SUS3,m2m
SPS2,VTE1,m2m
STT3B,UBQ1,m2m
SUVR2,UBQ1,m2m
TIM50,TUA2,m2m
TOR,TPR10,m2m
TPP2,scpl48,m2m
TPR10,VIP5,m2m
TPS21,TSA2,m2m
TT4,UGT73C6,m2m
UBA1,UBQ1,m2m
UBQ1,XIB,m2m
UBQ1,XIE,m2m
UBQ1,emb1473,m2m
UBQ1,XIK,m2m
UBQ1,XI-I,m2m
VHA-A3,VHP2;2,m2m
VIP5,XBAT31,m2m
YLS8,nPAP,m2m
emb1473,mtACP2,m2m
Ghi-miRN1413,AT5G02370,novel_circ_0001606
Ghi-miRN1413,SIGA,novel_circ_0001606
Ghi-miRN1413,TIR1,novel_circ_0001606
Ghi-miRN1413,RXF12,novel_circ_0001606
Ghi-miRN1413,MYB33,novel_circ_0001606
Ghi-miRN1413,SCA3,novel_circ_0001606
Ghi-miRN1413,HAI3,novel_circ_0001606
Ghi-miRN1413,HAI2,novel_circ_0001606
Ghi-miRN1413,SIK1,novel_circ_0001606
Ghi-miRN1413,FKF1,novel_circ_0001606
Ghi-miRN1413,DAYSLEEPER,novel_circ_0001606
Ghi-miRN1413,AT3G07140,novel_circ_0001606
Ghi-miRN1413,AT1G70500,novel_circ_0001606
Ghi-miRN1413,AT4G23500,novel_circ_0001606
Ghi-miRN1413,AT4G34480,novel_circ_0001606
Ghi-miRN1413,ERD2A,novel_circ_0001606
Ghi-miRN1413,POLGAMMA2,novel_circ_0001606
Ghi-miRN1413,FBX5,novel_circ_0001606
Ghi-miRN1413,AT5G55830,novel_circ_0001606
Ghi-miRN1413,HAT14,novel_circ_0001606
Ghi-miRN1413,AT1G09460,novel_circ_0001606
Ghi-miRN1413,AT3G56060,novel_circ_0001606
Ghi-miRN1413,AT1G08110,novel_circ_0001606
Ghi-miRN1413,CYCA3;2,novel_circ_0001606
Ghi-miRN1413,CIPK10,novel_circ_0001606
novel_39,DCL2,novel_circ_0000882
novel_39,BUBR1,novel_circ_0000882
novel_39,emb1473,novel_circ_0000882
novel_39,MED8,novel_circ_0000882
novel_39,CCD8,novel_circ_0000882
novel_39,CYCB2;4,novel_circ_0000882
novel_39,44046,novel_circ_0000882
novel_39,AT4G00870,novel_circ_0000882
novel_39,RLK7,novel_circ_0000882
novel_39,MURE,novel_circ_0000882
novel_39,EMB2765,novel_circ_0000882
novel_39,SAR2,novel_circ_0000882
novel_39,CHR4,novel_circ_0000882
novel_39,AT2G14520,novel_circ_0000882
novel_39,AT1G45545,novel_circ_0000882
novel_39,MTN2,novel_circ_0000882
novel_39,ZCF125,novel_circ_0000882
novel_39,CRK8,novel_circ_0000882
novel_39,TT4,novel_circ_0000882
novel_39,EBF2,novel_circ_0000882
novel_39,PIP5K1,novel_circ_0000882
novel_39,VPS41,novel_circ_0000882
novel_39,ADF4,novel_circ_0000882
novel_39,PEX11C,novel_circ_0000882
novel_39,AT3G25150,novel_circ_0000882
novel_39,PAL2,novel_circ_0000882
novel_39,AT1G43690,novel_circ_0000882
novel_39,AT3G57630,novel_circ_0000882
novel_39,CTF18,novel_circ_0000882
novel_39,PI4KG4,novel_circ_0000882
novel_39,CYP51G1,novel_circ_0000882
novel_39,AT5G42930,novel_circ_0000882
novel_39,AT1G12470,novel_circ_0000882
novel_39,CYP706A6,novel_circ_0000882
novel_39,ALA1,novel_circ_0000882
novel_39,EXPA15,novel_circ_0000882
novel_39,ABCG13,novel_circ_0000882
novel_39,GAUT9,novel_circ_0000882
novel_39,AT4G02030,novel_circ_0000882
novel_39,CYP81D5,novel_circ_0000882
novel_39,AT2G27730,novel_circ_0000882
novel_39,AT5G26830,novel_circ_0000882
novel_39,AT5G19420,novel_circ_0000882
novel_39,ECB2,novel_circ_0000882
novel_39,OZS1,novel_circ_0000882
novel_39,AT5G06580,novel_circ_0000882
novel_39,AT1G72090,novel_circ_0000882
novel_39,AT1G52540,novel_circ_0000882
novel_39,TPR10,novel_circ_0000882
novel_39,PAB6,novel_circ_0000882
novel_39,AT1G22870,novel_circ_0000882
novel_39,AT3G25290,novel_circ_0000882
novel_39,AL4,novel_circ_0000882
novel_39,CPR,novel_circ_0000882
novel_39,CIPK25,novel_circ_0000882
novel_39,AT1G75710,novel_circ_0000882
novel_39,AT4G15475,novel_circ_0000882
novel_39,EDR2,novel_circ_0000882
novel_39,RAD54,novel_circ_0000882
novel_39,AT5G67090,novel_circ_0000882
novel_39,FTSZ2-1,novel_circ_0000882
novel_39,JKD,novel_circ_0000882
novel_39,SSI2,novel_circ_0000882
novel_39,PLA2A,novel_circ_0000882
novel_39,CAF1b,novel_circ_0000882
novel_39,AT5G08580,novel_circ_0000882
novel_39,TSA2,novel_circ_0000882
novel_39,RIC4,novel_circ_0000882
novel_39,AT3G55550,novel_circ_0000882
novel_39,AT5G36930,novel_circ_0000882
novel_39,AT2G39640,novel_circ_0000882
novel_89,AT4G28360,novel_circ_0002213
novel_89,AT1G49230,novel_circ_0002213
novel_89,SNX1,novel_circ_0002213
novel_89,MP,novel_circ_0002213
novel_89,AT5G39580,novel_circ_0002213
novel_89,AT5G64120,novel_circ_0002213
novel_89,AT3G57120,novel_circ_0002213
novel_89,AT5G35180,novel_circ_0002213
novel_89,AT3G15680,novel_circ_0002213
novel_89,AT4G36790,novel_circ_0002213
novel_89,AT5G10530,novel_circ_0002213
novel_89,ZAR1,novel_circ_0002213
novel_89,AT5G65530,novel_circ_0002213
novel_89,UBP1B,novel_circ_0002213
novel_89,AT5G09300,novel_circ_0002213
novel_89,AT1G21070,novel_circ_0002213
novel_89,CA2,novel_circ_0002213
novel_89,AT1G50660,novel_circ_0002213
novel_89,GUS3,novel_circ_0002213
novel_89,ABCC3,novel_circ_0002213
novel_89,HD1,novel_circ_0002213
novel_89,AT3G12620,novel_circ_0002213
novel_89,UGT74B1,novel_circ_0002213
novel_89,AT2G42520,novel_circ_0002213
novel_89,ABCB1,novel_circ_0002213
novel_89,RDR2,novel_circ_0002213
novel_89,ARF10,novel_circ_0002213
novel_89,PYE,novel_circ_0002213
novel_89,AT3G56330,novel_circ_0002213
novel_89,AT5G04480,novel_circ_0002213
novel_89,AT3G05545,novel_circ_0002213
novel_89,CSP3,novel_circ_0002213
novel_89,SGR9,novel_circ_0002213
novel_89,PLC4,novel_circ_0002213
novel_89,ABF2,novel_circ_0002213
novel_89,AT3G16200,novel_circ_0002213
novel_89,AT5G65000,novel_circ_0002213
novel_89,RBL14,novel_circ_0002213
novel_89,FTM1,novel_circ_0002213
novel_89,DRH1,novel_circ_0002213
novel_89,PAP27,novel_circ_0002213
novel_89,AT3G07810,novel_circ_0002213
novel_89,AT4G26650,novel_circ_0002213
novel_89,AT1G60160,novel_circ_0002213
novel_89,AT5G58300,novel_circ_0002213
novel_89,AT3G58180,novel_circ_0002213
novel_89,AT1G01390,novel_circ_0002213
novel_89,AT3G22845,novel_circ_0002213
novel_89,mtACP2,novel_circ_0002213
novel_89,AT1G49210,novel_circ_0002213
novel_89,FER,novel_circ_0002213
novel_89,VIP5,novel_circ_0002213
novel_89,scpl33,novel_circ_0002213
novel_89,AT1G21200,novel_circ_0002213
novel_89,AT3G24715,novel_circ_0002213
novel_89,EMB2765,novel_circ_0002213
novel_89,AT3G62240,novel_circ_0002213
novel_89,AT5G19370,novel_circ_0002213
novel_89,RHD3,novel_circ_0002213
novel_89,At1g59750,novel_circ_0002213
novel_89,AT5G10190,novel_circ_0002213
novel_89,VPS22,novel_circ_0002213
novel_89,POL,novel_circ_0002213
novel_89,ABCB15,novel_circ_0002213
novel_89,ARP6,novel_circ_0002213
novel_89,HA9,novel_circ_0002213
novel_89,DiT1,novel_circ_0002213
novel_89,THA1,novel_circ_0002213
novel_89,TPP2,novel_circ_0002213
novel_89,PRH75,novel_circ_0002213
novel_89,CIPK7,novel_circ_0002213
novel_89,FIB2,novel_circ_0002213
novel_89,UBP2,novel_circ_0002213
novel_89,FTSH6,novel_circ_0002213
novel_89,ZIP6,novel_circ_0002213
novel_89,AT3G07180,novel_circ_0002213
novel_89,ACA10,novel_circ_0002213
novel_89,CEP1,novel_circ_0002213
novel_89,AT4G27190,novel_circ_0002213
novel_89,AT3G14205,novel_circ_0002213
novel_89,REV,novel_circ_0002213
novel_89,CDPMEK,novel_circ_0002213
novel_89,PUR4,novel_circ_0002213
novel_89,FBX2,novel_circ_0002213
novel_89,AtSPO22,novel_circ_0002213
novel_89,CYP78A9,novel_circ_0002213
novel_89,AT3G05670,novel_circ_0002213
novel_89,AT1G65920,novel_circ_0002213
novel_89,GALT1,novel_circ_0002213
novel_89,SPS1F,novel_circ_0002213
novel_89,AT3G21540,novel_circ_0002213
novel_89,CAS1,novel_circ_0002213
novel_89,AT2G19130,novel_circ_0002213
novel_89,AAO3,novel_circ_0002213
novel_89,PDK,novel_circ_0002213
novel_89,HSP70,novel_circ_0002213
novel_89,HEMB1,novel_circ_0002213
novel_89,SUVR2,novel_circ_0002213
novel_89,ASG5,novel_circ_0002213
novel_89,MGT6,novel_circ_0002213
novel_89,AT3G25150,novel_circ_0002213
novel_89,GRP2B,novel_circ_0002213
novel_89,CCR3,novel_circ_0002213
novel_89,PRAF1,novel_circ_0002213
novel_89,AT4G31180,novel_circ_0002213
novel_89,MC1,novel_circ_0002213
novel_89,MYB83,novel_circ_0002213
novel_89,AT3G01015,novel_circ_0002213
novel_89,AT5G51570,novel_circ_0002213
novel_89,AT3G07565,novel_circ_0002213
novel_89,PMT5,novel_circ_0002213
novel_89,AT3G07030,novel_circ_0002213
novel_89,AT2G44065,novel_circ_0002213
novel_89,AT1G76010,novel_circ_0002213
novel_89,DSI-1VOC,novel_circ_0002213
novel_89,AT2G25320,novel_circ_0002213
novel_89,AKT1,novel_circ_0002213
novel_89,HLS1,novel_circ_0002213
novel_89,AT5G05990,novel_circ_0002213
novel_89,CPK13,novel_circ_0002213
novel_89,HIRA,novel_circ_0002213
novel_89,BCS1,novel_circ_0002213
novel_89,DUR3,novel_circ_0002213
novel_89,AT2G17410,novel_circ_0002213
novel_89,AGL65,novel_circ_0002213
novel_89,AT1G53050,novel_circ_0002213
novel_89,AT2G23520,novel_circ_0002213
novel_89,AT3G52860,novel_circ_0002213
novel_89,XIB,novel_circ_0002213
novel_89,MYA2,novel_circ_0002213
novel_89,LAC5,novel_circ_0002213
novel_89,MED8,novel_circ_0002213
novel_89,RIPK,novel_circ_0002213
novel_89,CSD2,novel_circ_0002213
novel_89,ELI3-2,novel_circ_0002213
novel_89,NAGS2,novel_circ_0002213
novel_89,RAB28,novel_circ_0002213
novel_89,AT1G66510,novel_circ_0002213
novel_89,NRT2.3,novel_circ_0002213
novel_89,NFS1,novel_circ_0002213
novel_89,BSL3,novel_circ_0002213
novel_89,ATM2,novel_circ_0002213
novel_89,PAF2,novel_circ_0002213
novel_89,IMPA-9,novel_circ_0002213
novel_89,AT1G24510,novel_circ_0002213
novel_89,DLS1,novel_circ_0002213
novel_89,GAMMA-VPE,novel_circ_0002213
novel_89,AER,novel_circ_0002213
novel_89,AT5G16990,novel_circ_0002213
novel_89,AT2G44710,novel_circ_0002213
novel_89,AT3G14170,novel_circ_0002213
novel_89,AT2G44580,novel_circ_0002213
novel_89,GAMMACA1,novel_circ_0002213
novel_89,VHP2;2,novel_circ_0002213
novel_89,EDA7,novel_circ_0002213
novel_89,ORP2A,novel_circ_0002213
novel_89,PP2CA,novel_circ_0002213
novel_89,AT2G22420,novel_circ_0002213
novel_89,AT1G34300,novel_circ_0002213
novel_89,AT5G53480,novel_circ_0002213
novel_89,PRT6,novel_circ_0002213
novel_89,AT1G73460,novel_circ_0002213
novel_89,AT2G46520,novel_circ_0002213
novel_89,NADK2,novel_circ_0002213
novel_89,ORF158,novel_circ_0002213
novel_89,AT5G58620,novel_circ_0002213
novel_89,AT3G02360,novel_circ_0002213
novel_89,APL2,novel_circ_0002213
novel_89,CYP82C4,novel_circ_0002213
novel_89,ABCB11,novel_circ_0002213
novel_89,AT1G03390,novel_circ_0002213
novel_89,AT3G03770,novel_circ_0002213
novel_89,SCAMP3,novel_circ_0002213
novel_89,MMD1,novel_circ_0002213
novel_89,AT5G18910,novel_circ_0002213
novel_89,AFC2,novel_circ_0002213
novel_89,AT3G62260,novel_circ_0002213
novel_89,LEW3,novel_circ_0002213
novel_89,KNAT6,novel_circ_0002213
novel_89,AT4G36750,novel_circ_0002213
novel_89,SOBER1,novel_circ_0002213
novel_89,CHR5,novel_circ_0002213
novel_89,EIF4G,novel_circ_0002213
novel_89,HTR4,novel_circ_0002213
novel_89,AT2G01210,novel_circ_0002213
novel_89,AT1G15530,novel_circ_0002213
novel_89,AT1G12000,novel_circ_0002213
novel_89,AT1G33170,novel_circ_0002213
novel_89,KIN10,novel_circ_0002213
novel_89,AT5G60930,novel_circ_0002213
novel_89,At4g27940,novel_circ_0002213
novel_89,AT5G24340,novel_circ_0002213
novel_89,AT2G46320,novel_circ_0002213
novel_89,AT4G31790,novel_circ_0002213
novel_89,AT1G24530,novel_circ_0002213
novel_89,RBL1,novel_circ_0002213
novel_89,CDKB2;2,novel_circ_0002213
novel_89,NEK4,novel_circ_0002213
novel_89,EMB2754,novel_circ_0002213
novel_89,MAN6,novel_circ_0002213
novel_89,SDE3,novel_circ_0002213
novel_89,AT2G34970,novel_circ_0002213
novel_89,FAAH,novel_circ_0002213
novel_89,CHIA,novel_circ_0002213
novel_89,LAZ1,novel_circ_0002213
novel_89,TOR,novel_circ_0002213
novel_89,CYP94C1,novel_circ_0002213
novel_89,UGT73C6,novel_circ_0002213
novel_89,AT5G42200,novel_circ_0002213
novel_89,At1g07660,novel_circ_0002213
novel_89,AT5G28830,novel_circ_0002213
novel_89,CaMK4,novel_circ_0002213
novel_89,MRH2,novel_circ_0002213
novel_89,DL1C,novel_circ_0002213
novel_89,ATSPO11-1,novel_circ_0002213
novel_89,CDC5,novel_circ_0002213
novel_89,TIM50,novel_circ_0002213
novel_89,AT1G15140,novel_circ_0002213
novel_89,AT5G01460,novel_circ_0002213
novel_89,AT5G05200,novel_circ_0002213
novel_89,ERH3,novel_circ_0002213
novel_89,NUDX13,novel_circ_0002213
novel_89,HB2,novel_circ_0002213
novel_89,PUM2,novel_circ_0002213
novel_89,PSBC,novel_circ_0002213
novel_89,AT1G62020,novel_circ_0002213
novel_89,SDG29,novel_circ_0002213
novel_89,AT5G54830,novel_circ_0002213
novel_89,CSLC12,novel_circ_0002213
novel_89,AT5G57970,novel_circ_0002213
novel_89,AT5G26010,novel_circ_0002213
novel_89,AT5G03980,novel_circ_0002213
novel_89,RABF2A,novel_circ_0002213
novel_89,LHCB6,novel_circ_0002213
novel_89,SYNC1,novel_circ_0002213
novel_89,AT4G34360,novel_circ_0002213
novel_89,NRPC1,novel_circ_0002213
novel_89,AT3G16060,novel_circ_0002213
novel_89,ATXR5,novel_circ_0002213
novel_89,GRF12,novel_circ_0002213
Ghi-miR395a,SHM7,novel_circ_0003100
Ghi-miR395a,APS1,novel_circ_0003100
Ghi-miR395a,APS3,novel_circ_0003100
Ghi-miR395a,AT5G55510,novel_circ_0003100
Ghi-miR395a,BLH1,novel_circ_0003100
Ghi-miR395a,AST56,novel_circ_0003100
Ghi-miR395a,SPS2,novel_circ_0003100
Ghi-miR395a,AT5G39590,novel_circ_0003100
Ghi-miR395a,AT5G51980,novel_circ_0003100
Ghi-miR395a,AT5G43960,novel_circ_0003100
Ghi-miR395a,AT2G46910,novel_circ_0003100
Ghi-miR395a,UBA1,novel_circ_0003100
Ghi-miR395a,AT5G50290,novel_circ_0003100
Ghi-miR395a,AT5G60980,novel_circ_0003100
Ghi-miR395a,AT5G12260,novel_circ_0003100
Ghi-miR395a,AT1G06620,novel_circ_0003100
Ghi-miR395a,ATRX,novel_circ_0003100
Ghi-miR395a,CSLG3,novel_circ_0003100
Ghi-miR395a,AT3G63340,novel_circ_0003100
Ghi-miR395a,AT1G03440,novel_circ_0003100
Ghi-miR395a,GLIP5,novel_circ_0003100
Ghi-miR395a,AT1G68040,novel_circ_0003100
Ghi-miR395a,FRA1,novel_circ_0003100
Ghi-miR395a,GAUT13,novel_circ_0003100
Ghi-miR395a,MCM8,novel_circ_0003100
Ghi-miR395a,AT1G77550,novel_circ_0003100
Ghi-miR395a,AT3G43220,novel_circ_0003100
Ghi-miR395a,AAE18,novel_circ_0003100
Ghi-miR395a,AT3G48900,novel_circ_0003100
Ghi-miR395a,AT2G16250,novel_circ_0003100
Ghi-miR395a,At1g32200,novel_circ_0003100
Ghi-miR395a,AT5G49760,novel_circ_0003100
Ghi-miR395a,GRL,novel_circ_0003100
Ghi-miR395a,SKL2,novel_circ_0003100
Ghi-miR395a,AT5G43870,novel_circ_0003100
Ghi-miR395a,AT1G13570,novel_circ_0003100
Ghi-miR395a,AT4G14300,novel_circ_0003100
Ghi-miR395a,AT5G01320,novel_circ_0003100
Ghi-miR395a,PDAT,novel_circ_0003100
Ghi-miR395a,AT5G27550,novel_circ_0003100
Ghi-miR395a,AT3G07930,novel_circ_0003100
Ghi-miR395a,CYP714A1,novel_circ_0003100
Ghi-miR395a,RECQ4A,novel_circ_0003100
Ghi-miR395a,AT2G37510,novel_circ_0003100
Ghi-miR395a,BGLU44,novel_circ_0003100
Ghi-miR395a,AT5G51560,novel_circ_0003100
Ghi-miR395a,RDR1,novel_circ_0003100
Ghi-miR395a,CHAT,novel_circ_0003100
Ghi-miR395a,CLPB3,novel_circ_0003100
Ghi-miR395a,AT1G10640,novel_circ_0003100
Ghi-miR395a,AT1G67660,novel_circ_0003100
Ghi-miR395a,LOS1,novel_circ_0003100
Ghi-miR395a,AT5G65000,novel_circ_0003100
Ghi-miR395a,NRT2:1,novel_circ_0003100
Ghi-miR395a,AT3G23900,novel_circ_0003100
Ghi-miR395a,CYP84A1,novel_circ_0003100
Ghi-miR395a,AT4G33150,novel_circ_0003100
Ghi-miRN1488,AT3G62360,novel_circ_0003100
Ghi-miRN1488,XI-I,novel_circ_0003100
Ghi-miRN1488,SYP132,novel_circ_0003100
Ghi-miRN1488,VIP5,novel_circ_0003100
Ghi-miRN1488,AT4G20430,novel_circ_0003100
Ghi-miRN1488,EMB3108,novel_circ_0003100
Ghi-miRN1488,EMP1,novel_circ_0003100
Ghi-miRN1488,AT4G21580,novel_circ_0003100
Ghi-miRN1488,SAP5,novel_circ_0003100
Ghi-miRN1488,PDR2,novel_circ_0003100
Ghi-miRN1488,AT1G61700,novel_circ_0003100
Ghi-miRN1488,WAK2,novel_circ_0003100
Ghi-miRN1488,ABCG28,novel_circ_0003100
Ghi-miRN1488,IBR1,novel_circ_0003100
Ghi-miRN1488,DIN9,novel_circ_0003100
Ghi-miRN1488,ANTR2,novel_circ_0003100
Ghi-miRN1488,AT5G42740,novel_circ_0003100
Ghi-miRN1488,AT5G43140,novel_circ_0003100
Ghi-miRN1488,AT4G24170,novel_circ_0003100
Ghi-miRN1488,AT5G10770,novel_circ_0003100
Ghi-miRN1488,AT1G16560,novel_circ_0003100
Ghi-miRN1488,AT5G52800,novel_circ_0003100
Ghi-miRN1488,GCN2,novel_circ_0003100
Ghi-miRN1488,AT5G12950,novel_circ_0003100
Ghi-miRN1488,AT5G17540,novel_circ_0003100
Ghi-miRN1488,AT4G35160,novel_circ_0003100
Ghi-miRN1488,DPL1,novel_circ_0003100
Ghi-miRN1488,SRPK4,novel_circ_0003100
Ghi-miRN1488,CRK14,novel_circ_0003100
Ghi-miRN1488,AT5G19580,novel_circ_0003100
Ghi-miRN1488,AT5G17570,novel_circ_0003100
Ghi-miRN1488,APP1,novel_circ_0003100
Ghi-miRN1488,RR12,novel_circ_0003100
Ghi-miRN1488,B120,novel_circ_0003100
Ghi-miRN1488,XIK,novel_circ_0003100
Ghi-miRN1488,ATG8C,novel_circ_0003100
Ghi-miRN1488,ALDH6B2,novel_circ_0003100
Ghi-miRN1488,ORP1C,novel_circ_0003100
Ghi-miRN1488,AT4G23730,novel_circ_0003100
Ghi-miRN1488,KDTA,novel_circ_0003100
Ghi-miRN1488,AT3G24180,novel_circ_0003100
Ghi-miRN1488,TPS21,novel_circ_0003100
Ghi-miRN1488,ERD1,novel_circ_0003100
Ghi-miRN1488,GNL1,novel_circ_0003100
Ghi-miRN1488,ORF240B,novel_circ_0003100
Ghi-miRN1488,TUA2,novel_circ_0003100
Ghi-miRN1488,BSL1,novel_circ_0003100
Ghi-miRN1488,AT4G29090,novel_circ_0003100
Ghi-miRN1488,CRK8,novel_circ_0003100
Ghi-miRN1488,AAE11,novel_circ_0003100
Ghi-miRN1488,ACS,novel_circ_0003100
Ghi-miRN1488,AT3G23940,novel_circ_0003100
Ghi-miRN1488,GLTP1,novel_circ_0003100
Ghi-miRN1488,ATM2,novel_circ_0003100
Ghi-miRN1488,AT2G24990,novel_circ_0003100
Ghi-miRN1488,AT5G46070,novel_circ_0003100
Ghi-miRN1488,EMB140,novel_circ_0003100
Ghi-miRN1488,AT2G39270,novel_circ_0003100
Ghi-miRN1488,FNR1,novel_circ_0003100
Ghi-miRN1488,CBL,novel_circ_0003100
Ghi-miRN1488,PAB8,novel_circ_0003100
Ghi-miRN1488,AT3G18930,novel_circ_0003100
Ghi-miRN1488,AT1G33480,novel_circ_0003100
Ghi-miRN1488,CHR1,novel_circ_0003100
Ghi-miRN1488,PMH2,novel_circ_0003100
Ghi-miRN1488,YLS8,novel_circ_0003100
Ghi-miRN1488,PFK3,novel_circ_0003100
Ghi-miRN1488,AT3G08505,novel_circ_0003100
Ghi-miRN1488,IIL1,novel_circ_0003100
Ghi-miRN1488,AT3G51150,novel_circ_0003100
Ghi-miRN1488,AT1G16700,novel_circ_0003100
Ghi-miRN1488,PDIL1-4,novel_circ_0003100
Ghi-miRN1488,LON1,novel_circ_0003100
Ghi-miRN1488,AT2G05755,novel_circ_0003100
Ghi-miRN1488,HSP90.1,novel_circ_0003100
Ghi-miRN1488,FIM5,novel_circ_0003100
Ghi-miRN1450a,MOS7,novel_circ_0000657
Ghi-miRN1450a,PSAG,novel_circ_0000657
Ghi-miRN1450a,ABCG3,novel_circ_0000657
Ghi-miRN1450a,AT3G07950,novel_circ_0000657
Ghi-miRN1450a,XBAT31,novel_circ_0000657
Ghi-miRN1450a,MYB73,novel_circ_0000657
Ghi-miRN1450a,ECA4,novel_circ_0000657
Ghi-miRN1450a,MYC2,novel_circ_0000657
Ghi-miRN1450a,At2g47430,novel_circ_0000657
Ghi-miRN1450a,AT4G10110,novel_circ_0000657
Ghi-miRN1450a,ANT1,novel_circ_0000657
Ghi-miRN1450a,AT2G36350,novel_circ_0000657
Ghi-miRN1450a,SGT,novel_circ_0000657
Ghi-miRN1450a,AAE16,novel_circ_0000657
Ghi-miRN1450a,ABCG1,novel_circ_0000657
Ghi-miRN1450a,CXE16,novel_circ_0000657
Ghi-miRN1450a,AT3G27320,novel_circ_0000657
Ghi-miRN1450a,ECA1,novel_circ_0000657
Ghi-miRN1450a,AT5G18420,novel_circ_0000657
Ghi-miRN1450a,AT1G62020,novel_circ_0000657
Ghi-miRN1450a,TIR1,novel_circ_0000657
Ghi-miRN1450a,VTE1,novel_circ_0000657
Ghi-miRN1450a,PDK,novel_circ_0000657
Ghi-miRN1450a,ARF3,novel_circ_0000657
Ghi-miRN1450a,CRK26,novel_circ_0000657
Ghi-miRN1450a,AT1G09750,novel_circ_0000657
Ghi-miRN1450a,IDH-V,novel_circ_0000657
Ghi-miRN1450a,URH2,novel_circ_0000657
Ghi-miRN1450a,AT3G08650,novel_circ_0000657
Ghi-miRN1450a,scpl48,novel_circ_0000657
Ghi-miRN1450a,ENP,novel_circ_0000657
Ghi-miRN1450a,AT1G72660,novel_circ_0000657
Ghi-miRN1450a,IP5PII,novel_circ_0000657
Ghi-miRN1450a,AT3G16200,novel_circ_0000657
Ghi-miRN1450a,AT3G30300,novel_circ_0000657
Ghi-miRN1450a,SULTR3;1,novel_circ_0000657
Ghi-miRN1450a,AT4G34760,novel_circ_0000657
Ghi-miRN1450a,AT4G28350,novel_circ_0000657
Ghi-miRN1450a,AT4G04960,novel_circ_0000657
Ghi-miRN1450a,AT2G33255,novel_circ_0000657
Ghi-miRN1450a,scpl44,novel_circ_0000657
Ghi-miRN1450a,AT3G24040,novel_circ_0000657
Ghi-miRN1450a,SUS3,novel_circ_0000657
Ghi-miRN1450a,AT1G06890,novel_circ_0000657
Ghi-miRN1450a,PRX52,novel_circ_0000657
Ghi-miRN1450a,BAS1,novel_circ_0000657
Ghi-miRN1450a,CES101,novel_circ_0000657
Ghi-miRN1450a,AT2G46780,novel_circ_0000657
Ghi-miRN1450a,AT4G31860,novel_circ_0000657
Ghi-miRN1450a,nPAP,novel_circ_0000657
Ghi-miRN1450a,AT1G05520,novel_circ_0000657
Ghi-miRN1450a,TOP1BETA,novel_circ_0000657
Ghi-miRN1450a,AT1G61180,novel_circ_0000657
Ghi-miRN1450a,AT2G42005,novel_circ_0000657
Ghi-miRN1450a,AT3G13930,novel_circ_0000657
Ghi-miRN1450a,VLN4,novel_circ_0000657
Ghi-miRN1450a,MFDX2,novel_circ_0000657
Ghi-miRN1450a,PIPK11,novel_circ_0000657
Ghi-miRN1450a,AT2G21630,novel_circ_0000657
Ghi-miRN1450a,PFD6,novel_circ_0000657
Ghi-miRN1450a,AT4G23740,novel_circ_0000657
Ghi-miRN1450a,RUS2,novel_circ_0000657
Ghi-miRN1450a,AtIPCS1,novel_circ_0000657
Ghi-miRN1450a,ORF158,novel_circ_0000657
Ghi-miRN1450a,ABCC3,novel_circ_0000657
Ghi-miRN1450a,AT1G10640,novel_circ_0000657
Ghi-miRN1450a,AT4G29090,novel_circ_0000657
Ghi-miRN1450a,AT5G10530,novel_circ_0000657
Ghi-miRN1450a,RIPK,novel_circ_0000657
Ghi-miRN1450a,NRT2.5,novel_circ_0000657
Ghi-miRN1450a,AT1G22410,novel_circ_0000657
Ghi-miRN1450a,UVH3,novel_circ_0000657
Ghi-miRN1450a,STT3B,novel_circ_0000657
Ghi-miRN1450a,EMB3147,novel_circ_0000657
Ghi-miRN1450a,AT5G64380,novel_circ_0000657
Ghi-miRN1450a,AT3G46920,novel_circ_0000657
Ghi-miRN1450a,CLPP6,novel_circ_0000657
Ghi-miRN1450a,UBQ1,novel_circ_0000657
Ghi-miRN1450a,AT3G02290,novel_circ_0000657
Ghi-miRN1450a,AT3G12100,novel_circ_0000657
Ghi-miRN1450a,HHP4,novel_circ_0000657
Ghi-miRN1450a,SDE3,novel_circ_0000657
Ghi-miRN1450a,VLN2,novel_circ_0000657
Ghi-miRN1450a,GN,novel_circ_0000657
Ghi-miRN1450a,CCX4,novel_circ_0000657
Ghi-miRN1450a,SWEET17,novel_circ_0000657
Ghi-miRN1450a,PI4KG7,novel_circ_0000657
Ghi-miRN1450a,AT1G11330,novel_circ_0000657
Ghi-miRN1450a,AT1G11300,novel_circ_0000657
Ghi-miRN1450a,IMD2,novel_circ_0000657
Ghi-miRN1450a,AlaAT1,novel_circ_0000657
Ghi-miRN1450a,TPST,novel_circ_0000657
Ghi-miRN1450a,AT5G66150,novel_circ_0000657
Ghi-miRN1450a,EMB3003,novel_circ_0000657
Ghi-miRN1450a,GSL8,novel_circ_0000657
Ghi-miRN1450a,IWS1,novel_circ_0000657
Ghi-miRN1450a,MCM9,novel_circ_0000657
Ghi-miRN1450a,AVA-P2,novel_circ_0000657
Ghi-miRN1450a,AT1G48090,novel_circ_0000657
Ghi-miRN1450a,AT4G17390,novel_circ_0000657
Ghi-miRN1450a,CM2,novel_circ_0000657
Ghi-miRN1450a,OXP1,novel_circ_0000657
Ghi-miRN1450a,AT4G12290,novel_circ_0000657
Ghi-miRN1450a,OXS2,novel_circ_0000657
Ghi-miRN1450a,MYB102,novel_circ_0000657
Ghi-miRN1450a,PLDALPHA2,novel_circ_0000657
Ghi-miRN1450a,PLDALPHA1,novel_circ_0000657
Ghi-miRN1450a,XIE,novel_circ_0000657
Ghi-miRN1450a,AT5G27700,novel_circ_0000657
Ghi-miRN1450a,CAC3,novel_circ_0000657
Ghi-miRN1450a,AT3G06620,novel_circ_0000657
Ghi-miRN1450a,AT4G38810,novel_circ_0000657
Ghi-miRN1450a,RIN2,novel_circ_0000657
Ghi-miRN1450a,BGAL13,novel_circ_0000657
Ghi-miRN1450a,PUB13,novel_circ_0000657
Ghi-miRN1450a,VHA-A3,novel_circ_0000657
novel_circ_0001606,Ghi-miRN1413,novel_circ_0001606
novel_circ_0000882,novel_39,novel_circ_0000882
novel_circ_0002213,novel_89,novel_circ_0002213
novel_circ_0003100,Ghi-miR395a,novel_circ_0003100
novel_circ_0003100,Ghi-miRN1488,novel_circ_0003100
novel_circ_0000657,Ghi-miRN1450a,novel_circ_0000657